
INSERT INTO owners (id, name, type, code_owner, active, created_at, updated_at) VALUES
('11111111-1111-4111-8111-111111111111', 'IT Division', 'DIVISION', 'DIV-IT', true, NOW(), NOW()),
('12222222-2222-4222-8222-222222222222', 'Finance Division', 'DIVISION', 'DIV-FIN', true, NOW(), NOW()),
('13333333-3333-4333-8333-333333333333', 'HR Division', 'DIVISION', 'DIV-HR', true, NOW(), NOW()),
('14444444-4444-4444-8444-444444444444', 'Marketing Division', 'DIVISION', 'DIV-MKT', true, NOW(), NOW()),
('15555555-5555-4555-8555-555555555555', 'Operations Division', 'DIVISION', 'DIV-OPS', true, NOW(), NOW()),
('21111111-1111-4111-8111-111111111111', 'Manager IT - John Doe', 'PERSON', 'PER-001', true, NOW(), NOW()),
('22222222-2222-4222-8222-222222222222', 'Supervisor Finance - Jane Smith', 'PERSON', 'PER-002', true, NOW(), NOW()),
('23333333-3333-4333-8333-333333333333', 'Team Lead HR - Ahmad Rizki', 'PERSON', 'PER-003', true, NOW(), NOW()),
('31111111-1111-4111-8111-111111111111', 'Warehouse Central', 'LOCATION', 'LOC-WH01', true, NOW(), NOW()),
('32222222-2222-4222-8222-222222222222', 'Office Floor 3', 'LOCATION', 'LOC-OFF3', true, NOW(), NOW()),
('33333333-3333-4333-8333-333333333333', 'Meeting Room A', 'LOCATION', 'LOC-MRA', true, NOW(), NOW()),
('41111111-1111-4111-8111-111111111111', 'PT. Tech Solutions', 'VENDOR', 'VEN-TECH', true, NOW(), NOW()),
('42222222-2222-4222-8222-222222222222', 'CV. Office Supply Indonesia', 'VENDOR', 'VEN-OSI', true, NOW(), NOW());

INSERT INTO items (id, code_product, name, description, total_quantity, status, created_at, updated_at) VALUES
('50000001-0001-4001-8001-000000000001', 'IVNTR_20251228_0001', 'Laptop Dell Latitude 5420', 'Intel Core i5, 8GB RAM, 256GB SSD, 14 inch', 25, 'AVAILABLE', NOW(), NOW()),
('50000001-0001-4001-8001-000000000002', 'IVNTR_20251228_0002', 'Laptop HP ProBook 450', 'Intel Core i7, 16GB RAM, 512GB SSD, 15.6 inch', 10, 'AVAILABLE', NOW(), NOW()),
('50000001-0001-4001-8001-000000000003', 'IVNTR_20251228_0003', 'Monitor LG 24 inch', 'Full HD IPS Monitor, HDMI, DisplayPort', 43, 'AVAILABLE', NOW(), NOW()),
('50000001-0001-4001-8001-000000000004', 'IVNTR_20251228_0004', 'Keyboard Logitech K380', 'Wireless Bluetooth Keyboard, Multi-device', 40, 'AVAILABLE', NOW(), NOW()),
('50000001-0001-4001-8001-000000000005', 'IVNTR_20251228_0005', 'Mouse Logitech M720', 'Wireless Mouse, Ergonomic Design', 50, 'AVAILABLE', NOW(), NOW()),
('50000001-0001-4001-8001-000000000006', 'IVNTR_20251228_0006', 'Headset Sony WH-1000XM4', 'Noise Cancelling, Wireless', 15, 'AVAILABLE', NOW(), NOW()),
('50000001-0001-4001-8001-000000000007', 'IVNTR_20251228_0007', 'Webcam Logitech C920', 'Full HD 1080p, Auto Focus', 20, 'AVAILABLE', NOW(), NOW()),
('50000002-0002-4002-8002-000000000001', 'IVNTR_20251228_0008', 'Standing Desk Flexispot E7', 'Electric Height Adjustable, 140x70cm', 8, 'AVAILABLE', NOW(), NOW()),
('50000002-0002-4002-8002-000000000002', 'IVNTR_20251228_0009', 'Office Chair Herman Miller', 'Ergonomic, Lumbar Support, Adjustable', 22, 'AVAILABLE', NOW(), NOW()),
('50000003-0003-4003-8003-000000000001', 'IVNTR_20251228_0011', 'Ballpoint Pen Blue', 'Pilot G2, 0.7mm, Pack of 12', 400, 'AVAILABLE', NOW(), NOW()),
('50000003-0003-4003-8003-000000000002', 'IVNTR_20251228_0012', 'A4 Paper 80gsm', 'White, 500 sheets per ream', 250, 'AVAILABLE', NOW(), NOW()),
('50000003-0003-4003-8003-000000000003', 'IVNTR_20251228_0013', 'Stapler Heavy Duty', 'Max 50 sheets, with staples', 40, 'AVAILABLE', NOW(), NOW()),
('50000003-0003-4003-8003-000000000004', 'IVNTR_20251228_0014', 'Notebook A5 Spiral', 'Ruled, 100 pages', 150, 'AVAILABLE', NOW(), NOW()),
('50000004-0004-4004-8004-000000000001', 'IVNTR_20251228_0015', 'Router Cisco ISR 4331', 'Enterprise Router, 4 Ports, VPN Support', 6, 'AVAILABLE', NOW(), NOW()),
('50000004-0004-4004-8004-000000000002', 'IVNTR_20251228_0016', 'Switch Cisco Catalyst 24 Port', 'Managed Switch, Gigabit, PoE+', 15, 'AVAILABLE', NOW(), NOW()),
('50000004-0004-4004-8004-000000000003', 'IVNTR_20251228_0017', 'Network Cable Cat6', 'Ethernet Cable, 10 meters, Blue', 150, 'AVAILABLE', NOW(), NOW()),
('50000005-0005-4005-8005-000000000001', 'IVNTR_20251228_0018', 'Server Dell PowerEdge R640', 'Dual Xeon, 128GB RAM, 4TB Storage', 3, 'AVAILABLE', NOW(), NOW()),
('50000005-0005-4005-8005-000000000002', 'IVNTR_20251228_0019', 'NAS Synology DS920+', '4-Bay, RAID Support', 5, 'AVAILABLE', NOW(), NOW()),
('50000006-0006-4006-8006-000000000001', 'IVNTR_20251228_0020', 'Printer HP LaserJet Pro', 'Monochrome, Duplex, Network', 4, 'AVAILABLE', NOW(), NOW()),
('50000006-0006-4006-8006-000000000003', 'IVNTR_20251228_0022', 'Projector Epson EB-X05', 'XGA, 3300 Lumens, HDMI', 3, 'AVAILABLE', NOW(), NOW());

INSERT INTO item_owner_stocks (id, item_id, owner_id, quantity, borrowed_quantity, created_at, updated_at) VALUES
('60000001-0001-4001-8001-000000000001', '50000001-0001-4001-8001-000000000001', '11111111-1111-4111-8111-111111111111', 15, 0, NOW(), NOW()),
('60000001-0001-4001-8001-000000000002', '50000001-0001-4001-8001-000000000002', '11111111-1111-4111-8111-111111111111', 10, 0, NOW(), NOW()),
('60000001-0001-4001-8001-000000000003', '50000001-0001-4001-8001-000000000003', '11111111-1111-4111-8111-111111111111', 25, 0, NOW(), NOW()),
('60000001-0001-4001-8001-000000000004', '50000001-0001-4001-8001-000000000004', '11111111-1111-4111-8111-111111111111', 40, 0, NOW(), NOW()), 
('60000001-0001-4001-8001-000000000005', '50000001-0001-4001-8001-000000000005', '11111111-1111-4111-8111-111111111111', 50, 0, NOW(), NOW()), 
('60000001-0001-4001-8001-000000000006', '50000004-0004-4004-8004-000000000001', '11111111-1111-4111-8111-111111111111', 6, 0, NOW(), NOW()),  
('60000001-0001-4001-8001-000000000007', '50000004-0004-4004-8004-000000000002', '11111111-1111-4111-8111-111111111111', 15, 0, NOW(), NOW()), 
('60000001-0001-4001-8001-000000000008', '50000005-0005-4005-8005-000000000001', '11111111-1111-4111-8111-111111111111', 3, 0, NOW(), NOW()),  
('60000001-0001-4001-8001-000000000009', '50000005-0005-4005-8005-000000000002', '11111111-1111-4111-8111-111111111111', 5, 0, NOW(), NOW()), 
('60000002-0002-4002-8002-000000000001', '50000001-0001-4001-8001-000000000001', '12222222-2222-4222-8222-222222222222', 5, 0, NOW(), NOW()),  
('60000002-0002-4002-8002-000000000002', '50000001-0001-4001-8001-000000000003', '12222222-2222-4222-8222-222222222222', 10, 0, NOW(), NOW()), 
('60000002-0002-4002-8002-000000000003', '50000002-0002-4002-8002-000000000001', '12222222-2222-4222-8222-222222222222', 8, 0, NOW(), NOW()), 
('60000002-0002-4002-8002-000000000004', '50000002-0002-4002-8002-000000000002', '12222222-2222-4222-8222-222222222222', 12, 0, NOW(), NOW()), 
('60000002-0002-4002-8002-000000000005', '50000006-0006-4006-8006-000000000001', '12222222-2222-4222-8222-222222222222', 4, 0, NOW(), NOW()),  
('60000003-0003-4003-8003-000000000001', '50000001-0001-4001-8001-000000000001', '13333333-3333-4333-8333-333333333333', 5, 0, NOW(), NOW()),  
('60000003-0003-4003-8003-000000000002', '50000001-0001-4001-8001-000000000003', '13333333-3333-4333-8333-333333333333', 8, 0, NOW(), NOW()),  
('60000003-0003-4003-8003-000000000003', '50000002-0002-4002-8002-000000000002', '13333333-3333-4333-8333-333333333333', 10, 0, NOW(), NOW()),
('60000003-0003-4003-8003-000000000004', '50000003-0003-4003-8003-000000000001', '13333333-3333-4333-8333-333333333333', 100, 0, NOW(), NOW()), 
('60000003-0003-4003-8003-000000000005', '50000003-0003-4003-8003-000000000002', '13333333-3333-4333-8333-333333333333', 50, 0, NOW(), NOW()), 
('60000004-0004-4004-8004-000000000001', '50000001-0001-4001-8001-000000000006', '14444444-4444-4444-8444-444444444444', 15, 0, NOW(), NOW()), 
('60000004-0004-4004-8004-000000000002', '50000001-0001-4001-8001-000000000007', '14444444-4444-4444-8444-444444444444', 20, 0, NOW(), NOW()), 
('60000004-0004-4004-8004-000000000003', '50000006-0006-4006-8006-000000000003', '14444444-4444-4444-8444-444444444444', 3, 0, NOW(), NOW()), 
('60000005-0005-4005-8005-000000000001', '50000003-0003-4003-8003-000000000001', '21111111-1111-4111-8111-111111111111', 300, 0, NOW(), NOW()),
('60000005-0005-4005-8005-000000000002', '50000003-0003-4003-8003-000000000002', '21111111-1111-4111-8111-111111111111', 200, 0, NOW(), NOW()), 
('60000005-0005-4005-8005-000000000003', '50000003-0003-4003-8003-000000000003', '21111111-1111-4111-8111-111111111111', 40, 0, NOW(), NOW()), 
('60000005-0005-4005-8005-000000000004', '50000003-0003-4003-8003-000000000004', '21111111-1111-4111-8111-111111111111', 150, 0, NOW(), NOW()),
('60000005-0005-4005-8005-000000000005', '50000004-0004-4004-8004-000000000003', '21111111-1111-4111-8111-111111111111', 150, 0, NOW(), NOW());


INSERT INTO users (id, name, email, password, role, created_at, updated_at) VALUES
('48662396-4459-4d3f-8819-a37ecb36ef1e', 'Rizky2', 'rizky2@inventory.com', '$2a$10$s/cE.kVBeQV95gth37u2.epw0aVptbqrOJfCpmJi0DP4WFdb0kTXO', 'STAFF', NOW(), NOW()), -- Pass rizky2pass
('723a31da-0aea-4926-87c3-86e1357def92', 'Rizky3', 'rizky3@inventory.com', '$2a$10$wFp4lBO5hvfQooMYEM3qVOVbKvpKm/Bdf5hccw/x8c7/Ztv5Flncm', 'STAFF', NOW(), NOW()), -- Pass rizky3pass
('c8f731b3-d716-48bd-a184-a38f2d9ee0bc', 'Rizky4', 'rizky4@inventory.com', '$2a$10$j1dWgKbprLTBhPrvAkKC7egCBE3UKvLKhrEhu32U/OzjFPTCIi8/O', 'STAFF', NOW(), NOW()), -- Pass rizky4pass
('1af25066-d088-486d-9b65-b63dc21d3c47', 'Admin Utama', 'admin@inventory.com', '$2a$10$LAgp/6X1lrIzN3UmSHO3dufaveHeqnTRJ2Haxgdur6/G4JB.xziT2', 'ADMIN', NOW(), NOW()), -- Pass admin123
('d39859f1-e0c4-41ba-9e1d-ad060b15fcfb', 'Auditor Internal', 'auditor@inventory.com', '$2a$10$wEGizXT/cdRe702Bz0ClTeTX6Ngz1YaZ9su4P8Bhs19QpuJMOxcfy', 'AUDITOR', NOW(), NOW()),  -- Pass auditor123
('16cdd83e-8c03-4602-8690-fa9934d57b91', 'Rizky1', 'rizky1@inventory.com', '$2a$10$LGgC0K7dU5t3hEwKS7G0mOHOfY9lpVO0feXVCs3hOCZc9q9eurOpq', 'STAFF', NOW(), NOW()); -- Pass rizky1pass